DUS_section,DUS_summary,rule_source,textual_rule,sub_rule_text, sub_rule_conformity, subrule_outcome, rule_conformity, rule_outcome
203.01,this section is about income & expenses,Income & Expenses,Rule 1: Income Verification,Verify borrower's annual income through tax returns and W2 forms for the past 2 years, the loan does conform to be below 200, PASS, the loan conforms to be suitable, PASS.
203.01,this section is about income & expenses,Income & Expenses,Rule 1: Income Verification,Analyze monthly expenses including rent, utilities, PASS, the loan does conform to be below 200, PASS, the loan conforms to be suitable, PASS.
203.02,this section is about income & expenses and debt-to-income ratio,Income & Expenses,Rule 2: Debt-to-Income Ratio,Maintain a debt-to-income ratio below 43% for qualified mortgages, the loan does conform to be below 200, PASS, the loan conforms to be suitable, PASS.
205.01,this section is about valuation and property appraisal,Valuation,Rule 1: Property Appraisal,Obtain independent property appraisal from certified appraiser, the loan does conform to be below 200, PASS, the loan conforms to be suitable, PASS.
205.02,this section is about valuation and market comparison,Valuation,Rule 2: Market Comparison,Compare property value with similar properties sold in the past 6 months, the loan does conform to be below 200, PASS, the loan conforms to be suitable, PASS.
205.03,this section is about valuation and valuation report,Valuation,Rule 3: Valuation Report,Ensure valuation report includes property condition assessment and photographs, the loan does conform to be below 200, PASS, the loan conforms to be suitable, PASS.
206.01,this section is about management & exit and loan management,Management & Exit,Rule 1: Loan Management,Monitor loan payments and flag any missed payments within 30 days, the loan does conform to be below 200, PASS, the loan conforms to be suitable, PASS.
206.02,this section is about management & exit and exit strategy,Management & Exit,Rule 2: Exit Strategy,Establish clear exit strategy including refinancing or sale timeline, the loan does conform to be below 200, PASS, the loan conforms to be suitable, PASS.
206.03,this section is about management & exit and risk mitigation,Management & Exit,Rule 3: Risk Mitigation,Review and update risk assessment annually or upon material changes, the loan does conform to be below 200, PASS, the loan conforms to be suitable, PASS.
